event_id,sport_key,sport_title,commence_time,home_team,away_team,bookmaker_key,bookmaker_title,bookmaker_last_update,home_h2h_price,away_h2h_price,home_spread,away_spread,home_spread_price,away_spread_price,total_points,over_price,under_price,Game_Date,Home_Key,Away_Key,Game_ID,Home_Team,Away_Team,Model_Margin,Model_Total,Macro_Environment_Points,Macro_Lean,Line_Model,Total_Model,Home_Win_Probability,Home_Cover_Probability,Over_Probability,Home_H2H_EV,Away_H2H_EV,Home_Line_EV,Away_Line_EV,Over_EV,Under_EV
a0f39b03371125d378bc186c14a26d77,basketball_nbl,NBL,2026-09-30T07:36:00Z,New Zealand Breakers,Cairns Taipans,betright,Bet Right,2026-09-29T10:17:09Z,1.54,2.4,,,,,,,,2026-09-30,new zealand breakers,cairns taipans,/matches/nz-breakers-v-cairns-taipans-men-30-09-2026,nz breakers,cairns taipans,5.830418108415583,184.30398454870715,-0.6520642455794158,lower scoring,V8 original,V2 pure team,0.6489617398414737,,,-5.98920644130585e-4,-0.15750817561953678,,,,
a0f39b03371125d378bc186c14a26d77,basketball_nbl,NBL,2026-09-30T07:36:00Z,New Zealand Breakers,Cairns Taipans,betfair_ex_au,Betfair,2026-09-29T10:17:22Z,1.47,1.2,,,,,,,,2026-09-30,new zealand breakers,cairns taipans,/matches/nz-breakers-v-cairns-taipans-men-30-09-2026,nz breakers,cairns taipans,5.830418108415583,184.30398454870715,-0.6520642455794158,lower scoring,V8 original,V2 pure team,0.6489617398414737,,,-0.04602624243303377,-0.5787540878097683,,,,
a0f39b03371125d378bc186c14a26d77,basketball_nbl,NBL,2026-09-30T07:36:00Z,New Zealand Breakers,Cairns Taipans,betr_au,Betr,2026-09-29T10:17:21Z,1.54,2.45,,,,,,,,2026-09-30,new zealand breakers,cairns taipans,/matches/nz-breakers-v-cairns-taipans-men-30-09-2026,nz breakers,cairns taipans,5.830418108415583,184.30398454870715,-0.6520642455794158,lower scoring,V8 original,V2 pure team,0.6489617398414737,,,-5.98920644130585e-4,-0.13995626261161043,,,,
a0f39b03371125d378bc186c14a26d77,basketball_nbl,NBL,2026-09-30T07:36:00Z,New Zealand Breakers,Cairns Taipans,ladbrokes_au,Ladbrokes,2026-09-29T10:17:24Z,1.53,2.5,,,,,,,,2026-09-30,new zealand breakers,cairns taipans,/matches/nz-breakers-v-cairns-taipans-men-30-09-2026,nz breakers,cairns taipans,5.830418108415583,184.30398454870715,-0.6520642455794158,lower scoring,V8 original,V2 pure team,0.6489617398414737,,,-0.007088538042545278,-0.12240434960368418,,,,
a0f39b03371125d378bc186c14a26d77,basketball_nbl,NBL,2026-09-30T07:36:00Z,New Zealand Breakers,Cairns Taipans,neds,Neds,2026-09-29T10:17:08Z,1.53,2.5,,,,,,,,2026-09-30,new zealand breakers,cairns taipans,/matches/nz-breakers-v-cairns-taipans-men-30-09-2026,nz breakers,cairns taipans,5.830418108415583,184.30398454870715,-0.6520642455794158,lower scoring,V8 original,V2 pure team,0.6489617398414737,,,-0.007088538042545278,-0.12240434960368418,,,,
a0f39b03371125d378bc186c14a26d77,basketball_nbl,NBL,2026-09-30T07:36:00Z,New Zealand Breakers,Cairns Taipans,playup,PlayUp,2026-09-29T10:16:39Z,1.6,2.35,-3.5,3.5,1.87,1.91,182.5,1.9,1.88,2026-09-30,new zealand breakers,cairns taipans,/matches/nz-breakers-v-cairns-taipans-men-30-09-2026,nz breakers,cairns taipans,5.830418108415583,184.30398454870715,-0.6520642455794158,lower scoring,V8 original,V2 pure team,0.6489617398414737,0.5607585928814084,0.5402218774749,0.038338783746357796,-0.17506008862746303,0.048618568688233665,-0.16104891240349006,0.026421567202310037,-0.13561712965281214
a0f39b03371125d378bc186c14a26d77,basketball_nbl,NBL,2026-09-30T07:36:00Z,New Zealand Breakers,Cairns Taipans,pointsbetau,PointsBet (AU),2026-09-29T10:16:40Z,1.55,2.45,-4.5,4.5,1.9,1.9,182.5,1.9,1.9,2026-09-30,new zealand breakers,cairns taipans,/matches/nz-breakers-v-cairns-taipans-men-30-09-2026,nz breakers,cairns taipans,5.830418108415583,184.30398454870715,-0.6520642455794158,lower scoring,V8 original,V2 pure team,0.6489617398414737,0.5347776488327326,0.5402218774749,0.005890696754284219,-0.13995626261161043,0.016077532782191817,-0.11607753278219202,0.026421567202310037,-0.12642156720231013
a0f39b03371125d378bc186c14a26d77,basketball_nbl,NBL,2026-09-30T07:36:00Z,New Zealand Breakers,Cairns Taipans,sportsbet,SportsBet,2026-09-29T10:17:08Z,1.58,2.39,-4.5,4.5,1.94,1.86,182.5,1.88,1.89,2026-09-30,new zealand breakers,cairns taipans,/matches/nz-breakers-v-cairns-taipans-men-30-09-2026,nz breakers,cairns taipans,5.830418108415583,184.30398454870715,-0.6520642455794158,lower scoring,V8 original,V2 pure team,0.6489617398414737,0.5347776488327326,0.5402218774749,0.02535954894952841,-0.161018558221122,0.037468638735501214,-0.13468642682888254,0.015617129652812034,-0.13101934842756113
a0f39b03371125d378bc186c14a26d77,basketball_nbl,NBL,2026-09-30T07:36:00Z,New Zealand Breakers,Cairns Taipans,tab,TAB,2026-09-29T10:16:14Z,1.53,2.45,-4.5,4.5,1.9,1.9,182.5,1.9,1.9,2026-09-30,new zealand breakers,cairns taipans,/matches/nz-breakers-v-cairns-taipans-men-30-09-2026,nz breakers,cairns taipans,5.830418108415583,184.30398454870715,-0.6520642455794158,lower scoring,V8 original,V2 pure team,0.6489617398414737,0.5347776488327326,0.5402218774749,-0.007088538042545278,-0.13995626261161043,0.016077532782191817,-0.11607753278219202,0.026421567202310037,-0.12642156720231013
a0f39b03371125d378bc186c14a26d77,basketball_nbl,NBL,2026-09-30T07:36:00Z,New Zealand Breakers,Cairns Taipans,tabtouch,TABtouch,2026-09-29T10:17:09Z,1.56,2.43,-3.5,3.5,1.85,1.93,182.5,1.88,1.91,2026-09-30,new zealand breakers,cairns taipans,/matches/nz-breakers-v-cairns-taipans-men-30-09-2026,nz breakers,cairns taipans,5.830418108415583,184.30398454870715,-0.6520642455794158,lower scoring,V8 original,V2 pure team,0.6489617398414737,0.5607585928814084,0.5402218774749,0.012380314152699023,-0.14697702781478095,0.03740339683060556,-0.15226408426111826,0.015617129652812034,-0.12182378597705912
a0f39b03371125d378bc186c14a26d77,basketball_nbl,NBL,2026-09-30T07:36:00Z,New Zealand Breakers,Cairns Taipans,unibet,Unibet,2026-09-29T10:16:38Z,1.56,2.43,-3.5,3.5,1.85,1.93,182.5,1.88,1.91,2026-09-30,new zealand breakers,cairns taipans,/matches/nz-breakers-v-cairns-taipans-men-30-09-2026,nz breakers,cairns taipans,5.830418108415583,184.30398454870715,-0.6520642455794158,lower scoring,V8 original,V2 pure team,0.6489617398414737,0.5607585928814084,0.5402218774749,0.012380314152699023,-0.14697702781478095,0.03740339683060556,-0.15226408426111826,0.015617129652812034,-0.12182378597705912
449578e4a9beed6af621600c0e908cff,basketball_nbl,NBL,2026-09-30T09:36:00Z,Sydney Kings,Brisbane Bullets,betright,Bet Right,2026-09-29T10:17:09Z,1.35,3.05,,,,,,,,2026-09-30,sydney kings,brisbane bullets,/matches/sydney-kings-v-brisbane-bullets-men-30-09-2026,sydney kings,brisbane bullets,10.218360642853101,185.34420322906163,-0.6520642455794158,lower scoring,V8 original,V2 pure team,0.7486987831443196,,,0.010743357244831442,-0.2335312885901748,,,,
449578e4a9beed6af621600c0e908cff,basketball_nbl,NBL,2026-09-30T09:36:00Z,Sydney Kings,Brisbane Bullets,betfair_ex_au,Betfair,2026-09-29T10:17:22Z,1.2,1.2,,,,,,,,2026-09-30,sydney kings,brisbane bullets,/matches/sydney-kings-v-brisbane-bullets-men-30-09-2026,sydney kings,brisbane bullets,10.218360642853101,185.34420322906163,-0.6520642455794158,lower scoring,V8 original,V2 pure team,0.7486987831443196,,,-0.10156146022681656,-0.6984385397731836,,,,
449578e4a9beed6af621600c0e908cff,basketball_nbl,NBL,2026-09-30T09:36:00Z,Sydney Kings,Brisbane Bullets,betr_au,Betr,2026-09-29T10:17:21Z,1.35,3.15,,,,,,,,2026-09-30,sydney kings,brisbane bullets,/matches/sydney-kings-v-brisbane-bullets-men-30-09-2026,sydney kings,brisbane bullets,10.218360642853101,185.34420322906163,-0.6520642455794158,lower scoring,V8 original,V2 pure team,0.7486987831443196,,,0.010743357244831442,-0.20840116690460675,,,,
449578e4a9beed6af621600c0e908cff,basketball_nbl,NBL,2026-09-30T09:36:00Z,Sydney Kings,Brisbane Bullets,ladbrokes_au,Ladbrokes,2026-09-29T10:17:24Z,1.4,2.9,,,,,,,,2026-09-30,sydney kings,brisbane bullets,/matches/sydney-kings-v-brisbane-bullets-men-30-09-2026,sydney kings,brisbane bullets,10.218360642853101,185.34420322906163,-0.6520642455794158,lower scoring,V8 original,V2 pure team,0.7486987831443196,,,0.048178296402047405,-0.2712264711185268,,,,
449578e4a9beed6af621600c0e908cff,basketball_nbl,NBL,2026-09-30T09:36:00Z,Sydney Kings,Brisbane Bullets,neds,Neds,2026-09-29T10:17:08Z,1.4,2.9,,,,,,,,2026-09-30,sydney kings,brisbane bullets,/matches/sydney-kings-v-brisbane-bullets-men-30-09-2026,sydney kings,brisbane bullets,10.218360642853101,185.34420322906163,-0.6520642455794158,lower scoring,V8 original,V2 pure team,0.7486987831443196,,,0.048178296402047405,-0.2712264711185268,,,,
449578e4a9beed6af621600c0e908cff,basketball_nbl,NBL,2026-09-30T09:36:00Z,Sydney Kings,Brisbane Bullets,playup,PlayUp,2026-09-29T10:16:39Z,1.4,3,-6.5,6.5,1.9,1.88,194.5,1.93,1.85,2026-09-30,sydney kings,brisbane bullets,/matches/sydney-kings-v-brisbane-bullets-men-30-09-2026,sydney kings,brisbane bullets,10.218360642853101,185.34420322906163,-0.6520642455794158,lower scoring,V8 original,V2 pure team,0.7486987831443196,0.5963660705023609,0.304125995390339,0.048178296402047405,-0.24609634943295877,0.1330955339544857,-0.24116821254443854,-0.4130368288966457,0.28736690852787294
449578e4a9beed6af621600c0e908cff,basketball_nbl,NBL,2026-09-30T09:36:00Z,Sydney Kings,Brisbane Bullets,pointsbetau,PointsBet (AU),2026-09-29T10:16:40Z,1.35,3.2,-7.5,7.5,1.9,1.9,194.5,1.9,1.9,2026-09-30,sydney kings,brisbane bullets,/matches/sydney-kings-v-brisbane-bullets-men-30-09-2026,sydney kings,brisbane bullets,10.218360642853101,185.34420322906163,-0.6520642455794158,lower scoring,V8 original,V2 pure team,0.7486987831443196,0.5707738705481803,0.304125995390339,0.010743357244831442,-0.19583610606182267,0.08447035404154257,-0.18447035404154255,-0.4221606087583559,0.3221606087583557
449578e4a9beed6af621600c0e908cff,basketball_nbl,NBL,2026-09-30T09:36:00Z,Sydney Kings,Brisbane Bullets,sportsbet,SportsBet,2026-09-29T10:17:08Z,1.43,2.86,-6.5,6.5,1.9,1.9,194.5,1.86,1.9,2026-09-30,sydney kings,brisbane bullets,/matches/sydney-kings-v-brisbane-bullets-men-30-09-2026,sydney kings,brisbane bullets,10.218360642853101,185.34420322906163,-0.6520642455794158,lower scoring,V8 original,V2 pure team,0.7486987831443196,0.5963660705023609,0.304125995390339,0.07063925989637698,-0.2812785197927541,0.1330955339544857,-0.2330955339544858,-0.4343256485739694,0.3221606087583557
449578e4a9beed6af621600c0e908cff,basketball_nbl,NBL,2026-09-30T09:36:00Z,Sydney Kings,Brisbane Bullets,tab,TAB,2026-09-29T10:16:14Z,1.34,3.2,-7.5,7.5,1.9,1.9,193.5,1.85,1.95,2026-09-30,sydney kings,brisbane bullets,/matches/sydney-kings-v-brisbane-bullets-men-30-09-2026,sydney kings,brisbane bullets,10.218360642853101,185.34420322906163,-0.6520642455794158,lower scoring,V8 original,V2 pure team,0.7486987831443196,0.5707738705481803,0.3239839332335092,0.0032563694133882493,-0.19583610606182267,0.08447035404154257,-0.18447035404154255,-0.40062972351800796,0.3182313301946569
449578e4a9beed6af621600c0e908cff,basketball_nbl,NBL,2026-09-30T09:36:00Z,Sydney Kings,Brisbane Bullets,tabtouch,TABtouch,2026-09-29T10:17:09Z,1.36,3.05,-6.5,6.5,1.88,1.92,193.5,1.91,1.88,2026-09-30,sydney kings,brisbane bullets,/matches/sydney-kings-v-brisbane-bullets-men-30-09-2026,sydney kings,brisbane bullets,10.218360642853101,185.34420322906163,-0.6520642455794158,lower scoring,V8 original,V2 pure team,0.7486987831443196,0.5963660705023609,0.3239839332335092,0.018230345076274634,-0.2335312885901748,0.12116821254443844,-0.22502285536453293,-0.38119068752399743,0.2709102055210024
449578e4a9beed6af621600c0e908cff,basketball_nbl,NBL,2026-09-30T09:36:00Z,Sydney Kings,Brisbane Bullets,unibet,Unibet,2026-09-29T10:16:38Z,1.36,3.05,-6.5,6.5,1.87,1.91,193.5,1.91,1.88,2026-09-30,sydney kings,brisbane bullets,/matches/sydney-kings-v-brisbane-bullets-men-30-09-2026,sydney kings,brisbane bullets,10.218360642853101,185.34420322906163,-0.6520642455794158,lower scoring,V8 original,V2 pure team,0.7486987831443196,0.5963660705023609,0.3239839332335092,0.018230345076274634,-0.2335312885901748,0.11520455183941491,-0.2290591946595093,-0.38119068752399743,0.2709102055210024
39da65de135fc947b363baa52bd744e0,basketball_nbl,NBL,2026-10-01T09:36:00Z,Tasmania JackJumpers,Melbourne United,betright,Bet Right,2026-09-29T10:17:09Z,2.35,1.55,,,,,,,,2026-10-01,tasmania jackjumpers,melbourne united,/matches/tasmania-jackjumpers-v-melbourne-united-men-01-10-2026,tasmania jackjumpers,melbourne united,-7.356502183132007,177.1327692540463,-0.6520642455794157,lower scoring,V8 original,V2 pure team,0.31467519583112746,,,-0.2605132897968504,0.06225344646175257,,,,
39da65de135fc947b363baa52bd744e0,basketball_nbl,NBL,2026-10-01T09:36:00Z,Tasmania JackJumpers,Melbourne United,betfair_ex_au,Betfair,2026-09-29T10:17:22Z,1.2,1.2,,,,,,,,2026-10-01,tasmania jackjumpers,melbourne united,/matches/tasmania-jackjumpers-v-melbourne-united-men-01-10-2026,tasmania jackjumpers,melbourne united,-7.356502183132007,177.1327692540463,-0.6520642455794157,lower scoring,V8 original,V2 pure team,0.31467519583112746,,,-0.6223897650026471,-0.17761023499735296,,,,
39da65de135fc947b363baa52bd744e0,basketball_nbl,NBL,2026-10-01T09:36:00Z,Tasmania JackJumpers,Melbourne United,betr_au,Betr,2026-09-29T10:17:21Z,2.5,1.52,,,,,,,,2026-10-01,tasmania jackjumpers,melbourne united,/matches/tasmania-jackjumpers-v-melbourne-united-men-01-10-2026,tasmania jackjumpers,melbourne united,-7.356502183132007,177.1327692540463,-0.6520642455794157,lower scoring,V8 original,V2 pure team,0.31467519583112746,,,-0.2133120104221813,0.041693702336686345,,,,
39da65de135fc947b363baa52bd744e0,basketball_nbl,NBL,2026-10-01T09:36:00Z,Tasmania JackJumpers,Melbourne United,ladbrokes_au,Ladbrokes,2026-09-29T10:17:24Z,2.55,1.5,,,,,,,,2026-10-01,tasmania jackjumpers,melbourne united,/matches/tasmania-jackjumpers-v-melbourne-united-men-01-10-2026,tasmania jackjumpers,melbourne united,-7.356502183132007,177.1327692540463,-0.6520642455794157,lower scoring,V8 original,V2 pure team,0.31467519583112746,,,-0.19757825063062506,0.02798720625330886,,,,
39da65de135fc947b363baa52bd744e0,basketball_nbl,NBL,2026-10-01T09:36:00Z,Tasmania JackJumpers,Melbourne United,neds,Neds,2026-09-29T10:17:08Z,2.55,1.5,,,,,,,,2026-10-01,tasmania jackjumpers,melbourne united,/matches/tasmania-jackjumpers-v-melbourne-united-men-01-10-2026,tasmania jackjumpers,melbourne united,-7.356502183132007,177.1327692540463,-0.6520642455794157,lower scoring,V8 original,V2 pure team,0.31467519583112746,,,-0.19757825063062506,0.02798720625330886,,,,
39da65de135fc947b363baa52bd744e0,basketball_nbl,NBL,2026-10-01T09:36:00Z,Tasmania JackJumpers,Melbourne United,playup,PlayUp,2026-09-29T10:16:39Z,2.4,1.58,4.5,-4.5,1.85,1.93,183.5,1.87,1.9,2026-10-01,tasmania jackjumpers,melbourne united,/matches/tasmania-jackjumpers-v-melbourne-united-men-01-10-2026,tasmania jackjumpers,melbourne united,-7.356502183132007,177.1327692540463,-0.6520642455794157,lower scoring,V8 original,V2 pure team,0.31467519583112746,0.4256704394092313,0.3607489700947176,-0.24477953000529407,0.08281319058681857,-0.21250968709292206,0.1084560519401836,-0.32539942592287796,0.2145769568200364
39da65de135fc947b363baa52bd744e0,basketball_nbl,NBL,2026-10-01T09:36:00Z,Tasmania JackJumpers,Melbourne United,pointsbetau,PointsBet (AU),2026-09-29T10:16:40Z,2.45,1.55,4.5,-4.5,1.9,1.9,182.5,1.9,1.9,2026-10-01,tasmania jackjumpers,melbourne united,/matches/tasmania-jackjumpers-v-melbourne-united-men-01-10-2026,tasmania jackjumpers,melbourne united,-7.356502183132007,177.1327692540463,-0.6520642455794157,lower scoring,V8 original,V2 pure team,0.31467519583112746,0.4256704394092313,0.3819076565812868,-0.22904577021373762,0.06225344646175257,-0.1912261651224605,0.0912261651224604,-0.27437545249555517,0.17437545249555497
39da65de135fc947b363baa52bd744e0,basketball_nbl,NBL,2026-10-01T09:36:00Z,Tasmania JackJumpers,Melbourne United,sportsbet,SportsBet,2026-09-29T10:17:08Z,2.44,1.56,4.5,-4.5,1.9,1.9,182.5,1.88,1.88,2026-10-01,tasmania jackjumpers,melbourne united,/matches/tasmania-jackjumpers-v-melbourne-united-men-01-10-2026,tasmania jackjumpers,melbourne united,-7.356502183132007,177.1327692540463,-0.6520642455794157,lower scoring,V8 original,V2 pure team,0.31467519583112746,0.4256704394092313,0.3819076565812868,-0.232192522172049,0.06910669450344109,-0.1912261651224605,0.0912261651224604,-0.2820136056271809,0.1620136056271808
39da65de135fc947b363baa52bd744e0,basketball_nbl,NBL,2026-10-01T09:36:00Z,Tasmania JackJumpers,Melbourne United,tab,TAB,2026-09-29T10:16:14Z,2.4,1.55,4.5,-4.5,1.85,1.95,183.5,1.9,1.9,2026-10-01,tasmania jackjumpers,melbourne united,/matches/tasmania-jackjumpers-v-melbourne-united-men-01-10-2026,tasmania jackjumpers,melbourne united,-7.356502183132007,177.1327692540463,-0.6520642455794157,lower scoring,V8 original,V2 pure team,0.31467519583112746,0.4256704394092313,0.3607489700947176,-0.24477953000529407,0.06225344646175257,-0.21250968709292206,0.11994264315199898,-0.3145769568200365,0.2145769568200364
bea4b8bcf55aa6edaea353372d397c0c,basketball_nbl,NBL,2026-10-02T09:36:00Z,Illawarra Hawks,Adelaide 36ers,betright,Bet Right,2026-09-29T10:17:09Z,2.55,1.48,,,,,,,,2026-10-02,illawarra hawks,adelaide 36ers,/matches/illawarra-hawks-v-adelaide-36ers-men-02-10-2026,illawarra hawks,adelaide 36ers,-10.885845855247231,189.2285811048577,-0.6520642455794157,lower scoring,V8 original,V2 pure team,0.23755403531666877,,,-0.39423720994249467,0.12842002773133032,,,,
bea4b8bcf55aa6edaea353372d397c0c,basketball_nbl,NBL,2026-10-02T09:36:00Z,Illawarra Hawks,Adelaide 36ers,betr_au,Betr,2026-09-29T10:17:21Z,2.8,1.42,,,,,,,,2026-10-02,illawarra hawks,adelaide 36ers,/matches/illawarra-hawks-v-adelaide-36ers-men-02-10-2026,illawarra hawks,adelaide 36ers,-10.885845855247231,189.2285811048577,-0.6520642455794157,lower scoring,V8 original,V2 pure team,0.23755403531666877,,,-0.33484870111332743,0.0826732698503303,,,,
bea4b8bcf55aa6edaea353372d397c0c,basketball_nbl,NBL,2026-10-02T09:36:00Z,Illawarra Hawks,Adelaide 36ers,ladbrokes_au,Ladbrokes,2026-09-29T10:17:24Z,2.75,1.44,,,,,,,,2026-10-02,illawarra hawks,adelaide 36ers,/matches/illawarra-hawks-v-adelaide-36ers-men-02-10-2026,illawarra hawks,adelaide 36ers,-10.885845855247231,189.2285811048577,-0.6520642455794157,lower scoring,V8 original,V2 pure team,0.23755403531666877,,,-0.3467264028791609,0.09792218914399697,,,,
bea4b8bcf55aa6edaea353372d397c0c,basketball_nbl,NBL,2026-10-02T09:36:00Z,Illawarra Hawks,Adelaide 36ers,neds,Neds,2026-09-29T10:17:08Z,2.75,1.44,,,,,,,,2026-10-02,illawarra hawks,adelaide 36ers,/matches/illawarra-hawks-v-adelaide-36ers-men-02-10-2026,illawarra hawks,adelaide 36ers,-10.885845855247231,189.2285811048577,-0.6520642455794157,lower scoring,V8 original,V2 pure team,0.23755403531666877,,,-0.3467264028791609,0.09792218914399697,,,,
bea4b8bcf55aa6edaea353372d397c0c,basketball_nbl,NBL,2026-10-02T09:36:00Z,Illawarra Hawks,Adelaide 36ers,playup,PlayUp,2026-09-29T10:16:39Z,2.7,1.48,5.5,-5.5,1.9,1.88,185.5,1.87,1.9,2026-10-02,illawarra hawks,adelaide 36ers,/matches/illawarra-hawks-v-adelaide-36ers-men-02-10-2026,illawarra hawks,adelaide 36ers,-10.885845855247231,189.2285811048577,-0.6520642455794157,lower scoring,V8 original,V2 pure team,0.23755403531666877,0.36191241952686737,0.5826734818524381,-0.35860410464499426,0.12842002773133032,-0.312366402898952,0.19960465128948934,0.08959941106405922,-0.2070796155196324
bea4b8bcf55aa6edaea353372d397c0c,basketball_nbl,NBL,2026-10-02T09:36:00Z,Illawarra Hawks,Adelaide 36ers,pointsbetau,PointsBet (AU),2026-09-29T10:16:40Z,2.75,1.45,6.5,-6.5,1.9,1.9,185.5,1.9,1.9,2026-10-02,illawarra hawks,adelaide 36ers,/matches/illawarra-hawks-v-adelaide-36ers-men-02-10-2026,illawarra hawks,adelaide 36ers,-10.885845855247231,189.2285811048577,-0.6520642455794157,lower scoring,V8 original,V2 pure team,0.23755403531666877,0.38677128377669473,0.5826734818524381,-0.3467264028791609,0.10554664879083031,-0.26513456082428,0.1651345608242798,0.1070796155196323,-0.2070796155196324
bea4b8bcf55aa6edaea353372d397c0c,basketball_nbl,NBL,2026-10-02T09:36:00Z,Illawarra Hawks,Adelaide 36ers,sportsbet,SportsBet,2026-09-29T10:17:08Z,2.76,1.45,6.5,-6.5,1.86,1.95,185.5,1.87,1.9,2026-10-02,illawarra hawks,adelaide 36ers,/matches/illawarra-hawks-v-adelaide-36ers-men-02-10-2026,illawarra hawks,adelaide 36ers,-10.885845855247231,189.2285811048577,-0.6520642455794157,lower scoring,V8 original,V2 pure team,0.23755403531666877,0.38677128377669473,0.5826734818524381,-0.34435086252599423,0.10554664879083031,-0.28060541217534773,0.19579599663544522,0.08959941106405922,-0.2070796155196324
bea4b8bcf55aa6edaea353372d397c0c,basketball_nbl,NBL,2026-10-02T09:36:00Z,Illawarra Hawks,Adelaide 36ers,tab,TAB,2026-09-29T10:16:14Z,2.6,1.48,5.5,-5.5,1.9,1.9,185.5,1.9,1.9,2026-10-02,illawarra hawks,adelaide 36ers,/matches/illawarra-hawks-v-adelaide-36ers-men-02-10-2026,illawarra hawks,adelaide 36ers,-10.885845855247231,189.2285811048577,-0.6520642455794157,lower scoring,V8 original,V2 pure team,0.23755403531666877,0.36191241952686737,0.5826734818524381,-0.3823595081766612,0.12842002773133032,-0.312366402898952,0.21236640289895203,0.1070796155196323,-0.2070796155196324
